year,month,yyyymm,station_count,region_avg_wind_mps,source_file
1951,1,195101,0,,SURF_CLI_CHN_MUL_DAY-WIN-11002-195101.TXT
1951,2,195102,0,,SURF_CLI_CHN_MUL_DAY-WIN-11002-195102.TXT
1951,3,195103,0,,SURF_CLI_CHN_MUL_DAY-WIN-11002-195103.TXT
1951,4,195104,0,,SURF_CLI_CHN_MUL_DAY-WIN-11002-195104.TXT
1951,5,195105,0,,SURF_CLI_CHN_MUL_DAY-WIN-11002-195105.TXT
1951,6,195106,0,,SURF_CLI_CHN_MUL_DAY-WIN-11002-195106.TXT
1951,7,195107,0,,SURF_CLI_CHN_MUL_DAY-WIN-11002-195107.TXT
1951,8,195108,0,,SURF_CLI_CHN_MUL_DAY-WIN-11002-195108.TXT
1951,9,195109,0,,SURF_CLI_CHN_MUL_DAY-WIN-11002-195109.TXT
1951,10,195110,0,,SURF_CLI_CHN_MUL_DAY-WIN-11002-195110.TXT
1951,11,195111,0,,SURF_CLI_CHN_MUL_DAY-WIN-11002-195111.TXT
1951,12,195112,0,,SURF_CLI_CHN_MUL_DAY-WIN-11002-195112.TXT
1952,1,195201,0,,SURF_CLI_CHN_MUL_DAY-WIN-11002-195201.TXT
1952,2,195202,0,,SURF_CLI_CHN_MUL_DAY-WIN-11002-195202.TXT
1952,3,195203,0,,SURF_CLI_CHN_MUL_DAY-WIN-11002-195203.TXT
1952,4,195204,0,,SURF_CLI_CHN_MUL_DAY-WIN-11002-195204.TXT
1952,5,195205,0,,SURF_CLI_CHN_MUL_DAY-WIN-11002-195205.TXT
1952,6,195206,0,,SURF_CLI_CHN_MUL_DAY-WIN-11002-195206.TXT
1952,7,195207,0,,SURF_CLI_CHN_MUL_DAY-WIN-11002-195207.TXT
1952,8,195208,0,,SURF_CLI_CHN_MUL_DAY-WIN-11002-195208.TXT
1952,9,195209,0,,SURF_CLI_CHN_MUL_DAY-WIN-11002-195209.TXT
1952,10,195210,0,,SURF_CLI_CHN_MUL_DAY-WIN-11002-195210.TXT
1952,11,195211,0,,SURF_CLI_CHN_MUL_DAY-WIN-11002-195211.TXT
1952,12,195212,0,,SURF_CLI_CHN_MUL_DAY-WIN-11002-195212.TXT
1953,1,195301,0,,SURF_CLI_CHN_MUL_DAY-WIN-11002-195301.TXT
1953,2,195302,0,,SURF_CLI_CHN_MUL_DAY-WIN-11002-195302.TXT
1953,3,195303,0,,SURF_CLI_CHN_MUL_DAY-WIN-11002-195303.TXT
1953,4,195304,0,,SURF_CLI_CHN_MUL_DAY-WIN-11002-195304.TXT
1953,5,195305,0,,SURF_CLI_CHN_MUL_DAY-WIN-11002-195305.TXT
1953,6,195306,0,,SURF_CLI_CHN_MUL_DAY-WIN-11002-195306.TXT
1953,7,195307,0,,SURF_CLI_CHN_MUL_DAY-WIN-11002-195307.TXT
1953,8,195308,0,,SURF_CLI_CHN_MUL_DAY-WIN-11002-195308.TXT
1953,9,195309,0,,SURF_CLI_CHN_MUL_DAY-WIN-11002-195309.TXT
1953,10,195310,0,,SURF_CLI_CHN_MUL_DAY-WIN-11002-195310.TXT
1953,11,195311,0,,SURF_CLI_CHN_MUL_DAY-WIN-11002-195311.TXT
1953,12,195312,0,,SURF_CLI_CHN_MUL_DAY-WIN-11002-195312.TXT
1954,1,195401,0,,SURF_CLI_CHN_MUL_DAY-WIN-11002-195401.TXT
1954,2,195402,0,,SURF_CLI_CHN_MUL_DAY-WIN-11002-195402.TXT
1954,3,195403,0,,SURF_CLI_CHN_MUL_DAY-WIN-11002-195403.TXT
1954,4,195404,0,,SURF_CLI_CHN_MUL_DAY-WIN-11002-195404.TXT
1954,5,195405,0,,SURF_CLI_CHN_MUL_DAY-WIN-11002-195405.TXT
1954,6,195406,0,,SURF_CLI_CHN_MUL_DAY-WIN-11002-195406.TXT
1954,7,195407,0,,SURF_CLI_CHN_MUL_DAY-WIN-11002-195407.TXT
1954,8,195408,0,,SURF_CLI_CHN_MUL_DAY-WIN-11002-195408.TXT
1954,9,195409,0,,SURF_CLI_CHN_MUL_DAY-WIN-11002-195409.TXT
1954,10,195410,0,,SURF_CLI_CHN_MUL_DAY-WIN-11002-195410.TXT
1954,11,195411,0,,SURF_CLI_CHN_MUL_DAY-WIN-11002-195411.TXT
1954,12,195412,0,,SURF_CLI_CHN_MUL_DAY-WIN-11002-195412.TXT
1955,1,195501,1,3.481,SURF_CLI_CHN_MUL_DAY-WIN-11002-195501.TXT
1955,2,195502,1,4.907,SURF_CLI_CHN_MUL_DAY-WIN-11002-195502.TXT
1955,3,195503,1,2.465,SURF_CLI_CHN_MUL_DAY-WIN-11002-195503.TXT
1955,4,195504,1,3.707,SURF_CLI_CHN_MUL_DAY-WIN-11002-195504.TXT
1955,5,195505,1,3.777,SURF_CLI_CHN_MUL_DAY-WIN-11002-195505.TXT
1955,6,195506,1,2.723,SURF_CLI_CHN_MUL_DAY-WIN-11002-195506.TXT
1955,7,195507,1,2.616,SURF_CLI_CHN_MUL_DAY-WIN-11002-195507.TXT
1955,8,195508,1,2.694,SURF_CLI_CHN_MUL_DAY-WIN-11002-195508.TXT
1955,9,195509,1,3.19,SURF_CLI_CHN_MUL_DAY-WIN-11002-195509.TXT
1955,10,195510,1,3.335,SURF_CLI_CHN_MUL_DAY-WIN-11002-195510.TXT
1955,11,195511,1,2.86,SURF_CLI_CHN_MUL_DAY-WIN-11002-195511.TXT
1955,12,195512,1,2.974,SURF_CLI_CHN_MUL_DAY-WIN-11002-195512.TXT
1956,1,195601,1,3.423,SURF_CLI_CHN_MUL_DAY-WIN-11002-195601.TXT
1956,2,195602,1,3.897,SURF_CLI_CHN_MUL_DAY-WIN-11002-195602.TXT
1956,3,195603,1,3.387,SURF_CLI_CHN_MUL_DAY-WIN-11002-195603.TXT
1956,4,195604,1,3.613,SURF_CLI_CHN_MUL_DAY-WIN-11002-195604.TXT
1956,5,195605,1,3.306,SURF_CLI_CHN_MUL_DAY-WIN-11002-195605.TXT
1956,6,195606,1,3.69,SURF_CLI_CHN_MUL_DAY-WIN-11002-195606.TXT
1956,7,195607,1,3.368,SURF_CLI_CHN_MUL_DAY-WIN-11002-195607.TXT
1956,8,195608,1,3.439,SURF_CLI_CHN_MUL_DAY-WIN-11002-195608.TXT
1956,9,195609,1,2.7,SURF_CLI_CHN_MUL_DAY-WIN-11002-195609.TXT
1956,10,195610,1,3.319,SURF_CLI_CHN_MUL_DAY-WIN-11002-195610.TXT
1956,11,195611,0,,SURF_CLI_CHN_MUL_DAY-WIN-11002-195611.TXT
1956,12,195612,1,1.761,SURF_CLI_CHN_MUL_DAY-WIN-11002-195612.TXT
1957,1,195701,1,1.9,SURF_CLI_CHN_MUL_DAY-WIN-11002-195701.TXT
1957,2,195702,1,2.389,SURF_CLI_CHN_MUL_DAY-WIN-11002-195702.TXT
1957,3,195703,1,2.194,SURF_CLI_CHN_MUL_DAY-WIN-11002-195703.TXT
1957,4,195704,1,2.073,SURF_CLI_CHN_MUL_DAY-WIN-11002-195704.TXT
1957,5,195705,1,1.974,SURF_CLI_CHN_MUL_DAY-WIN-11002-195705.TXT
1957,6,195706,0,,SURF_CLI_CHN_MUL_DAY-WIN-11002-195706.TXT
1957,7,195707,0,,SURF_CLI_CHN_MUL_DAY-WIN-11002-195707.TXT
1957,8,195708,0,,SURF_CLI_CHN_MUL_DAY-WIN-11002-195708.TXT
1957,9,195709,0,,SURF_CLI_CHN_MUL_DAY-WIN-11002-195709.TXT
1957,10,195710,0,,SURF_CLI_CHN_MUL_DAY-WIN-11002-195710.TXT
1957,11,195711,0,,SURF_CLI_CHN_MUL_DAY-WIN-11002-195711.TXT
1957,12,195712,0,,SURF_CLI_CHN_MUL_DAY-WIN-11002-195712.TXT
1958,1,195801,0,,SURF_CLI_CHN_MUL_DAY-WIN-11002-195801.TXT
1958,2,195802,0,,SURF_CLI_CHN_MUL_DAY-WIN-11002-195802.TXT
1958,3,195803,0,,SURF_CLI_CHN_MUL_DAY-WIN-11002-195803.TXT
1958,4,195804,0,,SURF_CLI_CHN_MUL_DAY-WIN-11002-195804.TXT
1958,5,195805,0,,SURF_CLI_CHN_MUL_DAY-WIN-11002-195805.TXT
1958,6,195806,0,,SURF_CLI_CHN_MUL_DAY-WIN-11002-195806.TXT
1958,7,195807,0,,SURF_CLI_CHN_MUL_DAY-WIN-11002-195807.TXT
1958,8,195808,0,,SURF_CLI_CHN_MUL_DAY-WIN-11002-195808.TXT
1958,9,195809,0,,SURF_CLI_CHN_MUL_DAY-WIN-11002-195809.TXT
1958,10,195810,0,,SURF_CLI_CHN_MUL_DAY-WIN-11002-195810.TXT
1958,11,195811,0,,SURF_CLI_CHN_MUL_DAY-WIN-11002-195811.TXT
1958,12,195812,0,,SURF_CLI_CHN_MUL_DAY-WIN-11002-195812.TXT
1959,1,195901,0,,SURF_CLI_CHN_MUL_DAY-WIN-11002-195901.TXT
1959,2,195902,0,,SURF_CLI_CHN_MUL_DAY-WIN-11002-195902.TXT
1959,3,195903,0,,SURF_CLI_CHN_MUL_DAY-WIN-11002-195903.TXT
1959,4,195904,0,,SURF_CLI_CHN_MUL_DAY-WIN-11002-195904.TXT
1959,5,195905,0,,SURF_CLI_CHN_MUL_DAY-WIN-11002-195905.TXT
1959,6,195906,0,,SURF_CLI_CHN_MUL_DAY-WIN-11002-195906.TXT
1959,7,195907,0,,SURF_CLI_CHN_MUL_DAY-WIN-11002-195907.TXT
1959,8,195908,0,,SURF_CLI_CHN_MUL_DAY-WIN-11002-195908.TXT
1959,9,195909,0,,SURF_CLI_CHN_MUL_DAY-WIN-11002-195909.TXT
1959,10,195910,0,,SURF_CLI_CHN_MUL_DAY-WIN-11002-195910.TXT
1959,11,195911,0,,SURF_CLI_CHN_MUL_DAY-WIN-11002-195911.TXT
1959,12,195912,0,,SURF_CLI_CHN_MUL_DAY-WIN-11002-195912.TXT
1960,1,196001,0,,SURF_CLI_CHN_MUL_DAY-WIN-11002-196001.TXT
1960,2,196002,0,,SURF_CLI_CHN_MUL_DAY-WIN-11002-196002.TXT
1960,3,196003,0,,SURF_CLI_CHN_MUL_DAY-WIN-11002-196003.TXT
1960,4,196004,0,,SURF_CLI_CHN_MUL_DAY-WIN-11002-196004.TXT
1960,5,196005,0,,SURF_CLI_CHN_MUL_DAY-WIN-11002-196005.TXT
1960,6,196006,0,,SURF_CLI_CHN_MUL_DAY-WIN-11002-196006.TXT
1960,7,196007,0,,SURF_CLI_CHN_MUL_DAY-WIN-11002-196007.TXT
1960,8,196008,0,,SURF_CLI_CHN_MUL_DAY-WIN-11002-196008.TXT
1960,9,196009,0,,SURF_CLI_CHN_MUL_DAY-WIN-11002-196009.TXT
1960,10,196010,0,,SURF_CLI_CHN_MUL_DAY-WIN-11002-196010.TXT
1960,11,196011,0,,SURF_CLI_CHN_MUL_DAY-WIN-11002-196011.TXT
1960,12,196012,0,,SURF_CLI_CHN_MUL_DAY-WIN-11002-196012.TXT
1961,1,196101,1,1.571,SURF_CLI_CHN_MUL_DAY-WIN-11002-196101.TXT
1961,2,196102,1,2.55,SURF_CLI_CHN_MUL_DAY-WIN-11002-196102.TXT
1961,3,196103,1,2.226,SURF_CLI_CHN_MUL_DAY-WIN-11002-196103.TXT
1961,4,196104,1,2.293,SURF_CLI_CHN_MUL_DAY-WIN-11002-196104.TXT
1961,5,196105,1,1.474,SURF_CLI_CHN_MUL_DAY-WIN-11002-196105.TXT
1961,6,196106,1,1.62,SURF_CLI_CHN_MUL_DAY-WIN-11002-196106.TXT
1961,7,196107,1,1.642,SURF_CLI_CHN_MUL_DAY-WIN-11002-196107.TXT
1961,8,196108,1,1.429,SURF_CLI_CHN_MUL_DAY-WIN-11002-196108.TXT
1961,9,196109,1,1.287,SURF_CLI_CHN_MUL_DAY-WIN-11002-196109.TXT
1961,10,196110,1,1.7,SURF_CLI_CHN_MUL_DAY-WIN-11002-196110.TXT
1961,11,196111,1,1.54,SURF_CLI_CHN_MUL_DAY-WIN-11002-196111.TXT
1961,12,196112,1,1.329,SURF_CLI_CHN_MUL_DAY-WIN-11002-196112.TXT
1962,1,196201,1,1.432,SURF_CLI_CHN_MUL_DAY-WIN-11002-196201.TXT
1962,2,196202,1,1.764,SURF_CLI_CHN_MUL_DAY-WIN-11002-196202.TXT
1962,3,196203,1,1.816,SURF_CLI_CHN_MUL_DAY-WIN-11002-196203.TXT
1962,4,196204,1,1.9,SURF_CLI_CHN_MUL_DAY-WIN-11002-196204.TXT
1962,5,196205,1,1.671,SURF_CLI_CHN_MUL_DAY-WIN-11002-196205.TXT
1962,6,196206,1,1.657,SURF_CLI_CHN_MUL_DAY-WIN-11002-196206.TXT
1962,7,196207,1,1.497,SURF_CLI_CHN_MUL_DAY-WIN-11002-196207.TXT
1962,8,196208,1,1.716,SURF_CLI_CHN_MUL_DAY-WIN-11002-196208.TXT
1962,9,196209,1,1.713,SURF_CLI_CHN_MUL_DAY-WIN-11002-196209.TXT
1962,10,196210,1,1.913,SURF_CLI_CHN_MUL_DAY-WIN-11002-196210.TXT
1962,11,196211,1,1.92,SURF_CLI_CHN_MUL_DAY-WIN-11002-196211.TXT
1962,12,196212,1,1.381,SURF_CLI_CHN_MUL_DAY-WIN-11002-196212.TXT
1963,1,196301,1,1.281,SURF_CLI_CHN_MUL_DAY-WIN-11002-196301.TXT
1963,2,196302,1,1.875,SURF_CLI_CHN_MUL_DAY-WIN-11002-196302.TXT
1963,3,196303,1,2.403,SURF_CLI_CHN_MUL_DAY-WIN-11002-196303.TXT
1963,4,196304,1,2.673,SURF_CLI_CHN_MUL_DAY-WIN-11002-196304.TXT
1963,5,196305,1,2.855,SURF_CLI_CHN_MUL_DAY-WIN-11002-196305.TXT
1963,6,196306,1,2.023,SURF_CLI_CHN_MUL_DAY-WIN-11002-196306.TXT
1963,7,196307,1,1.768,SURF_CLI_CHN_MUL_DAY-WIN-11002-196307.TXT
1963,8,196308,1,1.668,SURF_CLI_CHN_MUL_DAY-WIN-11002-196308.TXT
1963,9,196309,1,2.127,SURF_CLI_CHN_MUL_DAY-WIN-11002-196309.TXT
1963,10,196310,1,1.568,SURF_CLI_CHN_MUL_DAY-WIN-11002-196310.TXT
1963,11,196311,1,1.487,SURF_CLI_CHN_MUL_DAY-WIN-11002-196311.TXT
1963,12,196312,1,1.084,SURF_CLI_CHN_MUL_DAY-WIN-11002-196312.TXT
1964,1,196401,1,2.571,SURF_CLI_CHN_MUL_DAY-WIN-11002-196401.TXT
1964,2,196402,1,2.645,SURF_CLI_CHN_MUL_DAY-WIN-11002-196402.TXT
1964,3,196403,1,2.468,SURF_CLI_CHN_MUL_DAY-WIN-11002-196403.TXT
1964,4,196404,1,2.867,SURF_CLI_CHN_MUL_DAY-WIN-11002-196404.TXT
1964,5,196405,1,2.716,SURF_CLI_CHN_MUL_DAY-WIN-11002-196405.TXT
1964,6,196406,1,2.347,SURF_CLI_CHN_MUL_DAY-WIN-11002-196406.TXT
1964,7,196407,1,1.968,SURF_CLI_CHN_MUL_DAY-WIN-11002-196407.TXT
1964,8,196408,1,1.694,SURF_CLI_CHN_MUL_DAY-WIN-11002-196408.TXT
1964,9,196409,1,2.017,SURF_CLI_CHN_MUL_DAY-WIN-11002-196409.TXT
1964,10,196410,1,2.29,SURF_CLI_CHN_MUL_DAY-WIN-11002-196410.TXT
1964,11,196411,1,2.327,SURF_CLI_CHN_MUL_DAY-WIN-11002-196411.TXT
1964,12,196412,1,1.771,SURF_CLI_CHN_MUL_DAY-WIN-11002-196412.TXT
1965,1,196501,1,2.013,SURF_CLI_CHN_MUL_DAY-WIN-11002-196501.TXT
1965,2,196502,1,2.471,SURF_CLI_CHN_MUL_DAY-WIN-11002-196502.TXT
1965,3,196503,1,2.561,SURF_CLI_CHN_MUL_DAY-WIN-11002-196503.TXT
1965,4,196504,1,3.013,SURF_CLI_CHN_MUL_DAY-WIN-11002-196504.TXT
1965,5,196505,1,2.835,SURF_CLI_CHN_MUL_DAY-WIN-11002-196505.TXT
1965,6,196506,1,2.353,SURF_CLI_CHN_MUL_DAY-WIN-11002-196506.TXT
1965,7,196507,1,2.248,SURF_CLI_CHN_MUL_DAY-WIN-11002-196507.TXT
1965,8,196508,1,2.068,SURF_CLI_CHN_MUL_DAY-WIN-11002-196508.TXT
1965,9,196509,1,1.973,SURF_CLI_CHN_MUL_DAY-WIN-11002-196509.TXT
1965,10,196510,1,1.577,SURF_CLI_CHN_MUL_DAY-WIN-11002-196510.TXT
1965,11,196511,1,1.553,SURF_CLI_CHN_MUL_DAY-WIN-11002-196511.TXT
1965,12,196512,1,1.41,SURF_CLI_CHN_MUL_DAY-WIN-11002-196512.TXT
1966,1,196601,1,1.59,SURF_CLI_CHN_MUL_DAY-WIN-11002-196601.TXT
1966,2,196602,1,2.339,SURF_CLI_CHN_MUL_DAY-WIN-11002-196602.TXT
1966,3,196603,1,2.99,SURF_CLI_CHN_MUL_DAY-WIN-11002-196603.TXT
1966,4,196604,1,2.857,SURF_CLI_CHN_MUL_DAY-WIN-11002-196604.TXT
1966,5,196605,1,2.897,SURF_CLI_CHN_MUL_DAY-WIN-11002-196605.TXT
1966,6,196606,1,1.737,SURF_CLI_CHN_MUL_DAY-WIN-11002-196606.TXT
1966,7,196607,1,2.255,SURF_CLI_CHN_MUL_DAY-WIN-11002-196607.TXT
1966,8,196608,1,2.245,SURF_CLI_CHN_MUL_DAY-WIN-11002-196608.TXT
1966,9,196609,1,2.143,SURF_CLI_CHN_MUL_DAY-WIN-11002-196609.TXT
1966,10,196610,1,1.671,SURF_CLI_CHN_MUL_DAY-WIN-11002-196610.TXT
1966,11,196611,1,2.407,SURF_CLI_CHN_MUL_DAY-WIN-11002-196611.TXT
1966,12,196612,1,1.587,SURF_CLI_CHN_MUL_DAY-WIN-11002-196612.TXT
1967,1,196701,1,1.861,SURF_CLI_CHN_MUL_DAY-WIN-11002-196701.TXT
1967,2,196702,1,2.582,SURF_CLI_CHN_MUL_DAY-WIN-11002-196702.TXT
1967,3,196703,1,2.735,SURF_CLI_CHN_MUL_DAY-WIN-11002-196703.TXT
1967,4,196704,1,3.203,SURF_CLI_CHN_MUL_DAY-WIN-11002-196704.TXT
1967,5,196705,1,2.455,SURF_CLI_CHN_MUL_DAY-WIN-11002-196705.TXT
1967,6,196706,1,2.333,SURF_CLI_CHN_MUL_DAY-WIN-11002-196706.TXT
1967,7,196707,1,1.7,SURF_CLI_CHN_MUL_DAY-WIN-11002-196707.TXT
1967,8,196708,1,1.99,SURF_CLI_CHN_MUL_DAY-WIN-11002-196708.TXT
1967,9,196709,1,1.22,SURF_CLI_CHN_MUL_DAY-WIN-11002-196709.TXT
1967,10,196710,1,1.484,SURF_CLI_CHN_MUL_DAY-WIN-11002-196710.TXT
1967,11,196711,1,1.84,SURF_CLI_CHN_MUL_DAY-WIN-11002-196711.TXT
1967,12,196712,1,1.526,SURF_CLI_CHN_MUL_DAY-WIN-11002-196712.TXT
1968,1,196801,1,1.619,SURF_CLI_CHN_MUL_DAY-WIN-11002-196801.TXT
1968,2,196802,1,1.745,SURF_CLI_CHN_MUL_DAY-WIN-11002-196802.TXT
1968,3,196803,1,1.613,SURF_CLI_CHN_MUL_DAY-WIN-11002-196803.TXT
1968,4,196804,1,1.523,SURF_CLI_CHN_MUL_DAY-WIN-11002-196804.TXT
1968,5,196805,1,1.777,SURF_CLI_CHN_MUL_DAY-WIN-11002-196805.TXT
1968,6,196806,1,1.427,SURF_CLI_CHN_MUL_DAY-WIN-11002-196806.TXT
1968,7,196807,1,1.134,SURF_CLI_CHN_MUL_DAY-WIN-11002-196807.TXT
1968,8,196808,1,1.39,SURF_CLI_CHN_MUL_DAY-WIN-11002-196808.TXT
1968,9,196809,1,1.02,SURF_CLI_CHN_MUL_DAY-WIN-11002-196809.TXT
1968,10,196810,1,1.21,SURF_CLI_CHN_MUL_DAY-WIN-11002-196810.TXT
1968,11,196811,1,1.397,SURF_CLI_CHN_MUL_DAY-WIN-11002-196811.TXT
1968,12,196812,1,1.468,SURF_CLI_CHN_MUL_DAY-WIN-11002-196812.TXT
1969,1,196901,1,1.581,SURF_CLI_CHN_MUL_DAY-WIN-11002-196901.TXT
1969,2,196902,1,2.368,SURF_CLI_CHN_MUL_DAY-WIN-11002-196902.TXT
1969,3,196903,1,1.916,SURF_CLI_CHN_MUL_DAY-WIN-11002-196903.TXT
1969,4,196904,1,1.703,SURF_CLI_CHN_MUL_DAY-WIN-11002-196904.TXT
1969,5,196905,1,2.006,SURF_CLI_CHN_MUL_DAY-WIN-11002-196905.TXT
1969,6,196906,1,1.273,SURF_CLI_CHN_MUL_DAY-WIN-11002-196906.TXT
1969,7,196907,1,1.065,SURF_CLI_CHN_MUL_DAY-WIN-11002-196907.TXT
1969,8,196908,1,1.474,SURF_CLI_CHN_MUL_DAY-WIN-11002-196908.TXT
1969,9,196909,1,1.35,SURF_CLI_CHN_MUL_DAY-WIN-11002-196909.TXT
1969,10,196910,1,1.142,SURF_CLI_CHN_MUL_DAY-WIN-11002-196910.TXT
1969,11,196911,1,1.727,SURF_CLI_CHN_MUL_DAY-WIN-11002-196911.TXT
1969,12,196912,1,1.313,SURF_CLI_CHN_MUL_DAY-WIN-11002-196912.TXT
1970,1,197001,1,1.442,SURF_CLI_CHN_MUL_DAY-WIN-11002-197001.TXT
1970,2,197002,1,1.711,SURF_CLI_CHN_MUL_DAY-WIN-11002-197002.TXT
1970,3,197003,1,1.894,SURF_CLI_CHN_MUL_DAY-WIN-11002-197003.TXT
1970,4,197004,1,1.663,SURF_CLI_CHN_MUL_DAY-WIN-11002-197004.TXT
1970,5,197005,1,1.516,SURF_CLI_CHN_MUL_DAY-WIN-11002-197005.TXT
1970,6,197006,1,1.19,SURF_CLI_CHN_MUL_DAY-WIN-11002-197006.TXT
1970,7,197007,1,0.968,SURF_CLI_CHN_MUL_DAY-WIN-11002-197007.TXT
1970,8,197008,1,1.4,SURF_CLI_CHN_MUL_DAY-WIN-11002-197008.TXT
1970,9,197009,1,1.123,SURF_CLI_CHN_MUL_DAY-WIN-11002-197009.TXT
1970,10,197010,1,1.194,SURF_CLI_CHN_MUL_DAY-WIN-11002-197010.TXT
1970,11,197011,1,1.5,SURF_CLI_CHN_MUL_DAY-WIN-11002-197011.TXT
1970,12,197012,1,1.529,SURF_CLI_CHN_MUL_DAY-WIN-11002-197012.TXT
1971,1,197101,1,1.561,SURF_CLI_CHN_MUL_DAY-WIN-11002-197101.TXT
1971,2,197102,1,1.582,SURF_CLI_CHN_MUL_DAY-WIN-11002-197102.TXT
1971,3,197103,1,1.706,SURF_CLI_CHN_MUL_DAY-WIN-11002-197103.TXT
1971,4,197104,1,2.303,SURF_CLI_CHN_MUL_DAY-WIN-11002-197104.TXT
1971,5,197105,1,1.594,SURF_CLI_CHN_MUL_DAY-WIN-11002-197105.TXT
1971,6,197106,1,1.35,SURF_CLI_CHN_MUL_DAY-WIN-11002-197106.TXT
1971,7,197107,1,1.894,SURF_CLI_CHN_MUL_DAY-WIN-11002-197107.TXT
1971,8,197108,1,1.529,SURF_CLI_CHN_MUL_DAY-WIN-11002-197108.TXT
1971,9,197109,1,1.64,SURF_CLI_CHN_MUL_DAY-WIN-11002-197109.TXT
1971,10,197110,1,1.039,SURF_CLI_CHN_MUL_DAY-WIN-11002-197110.TXT
1971,11,197111,1,0.857,SURF_CLI_CHN_MUL_DAY-WIN-11002-197111.TXT
1971,12,197112,1,0.597,SURF_CLI_CHN_MUL_DAY-WIN-11002-197112.TXT
1972,1,197201,1,1.323,SURF_CLI_CHN_MUL_DAY-WIN-11002-197201.TXT
1972,2,197202,1,2.338,SURF_CLI_CHN_MUL_DAY-WIN-11002-197202.TXT
1972,3,197203,1,2.168,SURF_CLI_CHN_MUL_DAY-WIN-11002-197203.TXT
1972,4,197204,1,1.773,SURF_CLI_CHN_MUL_DAY-WIN-11002-197204.TXT
1972,5,197205,1,2.045,SURF_CLI_CHN_MUL_DAY-WIN-11002-197205.TXT
1972,6,197206,1,1.71,SURF_CLI_CHN_MUL_DAY-WIN-11002-197206.TXT
1972,7,197207,1,1.552,SURF_CLI_CHN_MUL_DAY-WIN-11002-197207.TXT
1972,8,197208,1,1.755,SURF_CLI_CHN_MUL_DAY-WIN-11002-197208.TXT
1972,9,197209,1,1.01,SURF_CLI_CHN_MUL_DAY-WIN-11002-197209.TXT
1972,10,197210,1,1.168,SURF_CLI_CHN_MUL_DAY-WIN-11002-197210.TXT
1972,11,197211,1,0.787,SURF_CLI_CHN_MUL_DAY-WIN-11002-197211.TXT
1972,12,197212,1,1.516,SURF_CLI_CHN_MUL_DAY-WIN-11002-197212.TXT
1973,1,197301,1,1.594,SURF_CLI_CHN_MUL_DAY-WIN-11002-197301.TXT
1973,2,197302,1,1.354,SURF_CLI_CHN_MUL_DAY-WIN-11002-197302.TXT
1973,3,197303,1,1.955,SURF_CLI_CHN_MUL_DAY-WIN-11002-197303.TXT
1973,4,197304,1,1.713,SURF_CLI_CHN_MUL_DAY-WIN-11002-197304.TXT
1973,5,197305,1,1.581,SURF_CLI_CHN_MUL_DAY-WIN-11002-197305.TXT
1973,6,197306,1,1.133,SURF_CLI_CHN_MUL_DAY-WIN-11002-197306.TXT
1973,7,197307,1,1.368,SURF_CLI_CHN_MUL_DAY-WIN-11002-197307.TXT
1973,8,197308,1,1.339,SURF_CLI_CHN_MUL_DAY-WIN-11002-197308.TXT
1973,9,197309,1,1.19,SURF_CLI_CHN_MUL_DAY-WIN-11002-197309.TXT
1973,10,197310,1,0.977,SURF_CLI_CHN_MUL_DAY-WIN-11002-197310.TXT
1973,11,197311,1,0.827,SURF_CLI_CHN_MUL_DAY-WIN-11002-197311.TXT
1973,12,197312,1,1.116,SURF_CLI_CHN_MUL_DAY-WIN-11002-197312.TXT
1974,1,197401,1,0.916,SURF_CLI_CHN_MUL_DAY-WIN-11002-197401.TXT
1974,2,197402,1,2.175,SURF_CLI_CHN_MUL_DAY-WIN-11002-197402.TXT
1974,3,197403,1,1.516,SURF_CLI_CHN_MUL_DAY-WIN-11002-197403.TXT
1974,4,197404,1,1.57,SURF_CLI_CHN_MUL_DAY-WIN-11002-197404.TXT
1974,5,197405,1,1.839,SURF_CLI_CHN_MUL_DAY-WIN-11002-197405.TXT
1974,6,197406,1,1.24,SURF_CLI_CHN_MUL_DAY-WIN-11002-197406.TXT
1974,7,197407,1,1.158,SURF_CLI_CHN_MUL_DAY-WIN-11002-197407.TXT
1974,8,197408,1,1.165,SURF_CLI_CHN_MUL_DAY-WIN-11002-197408.TXT
1974,9,197409,1,0.75,SURF_CLI_CHN_MUL_DAY-WIN-11002-197409.TXT
1974,10,197410,1,1.184,SURF_CLI_CHN_MUL_DAY-WIN-11002-197410.TXT
1974,11,197411,1,1.42,SURF_CLI_CHN_MUL_DAY-WIN-11002-197411.TXT
1974,12,197412,1,1.542,SURF_CLI_CHN_MUL_DAY-WIN-11002-197412.TXT
1975,1,197501,1,1.894,SURF_CLI_CHN_MUL_DAY-WIN-11002-197501.TXT
1975,2,197502,1,1.618,SURF_CLI_CHN_MUL_DAY-WIN-11002-197502.TXT
1975,3,197503,1,1.932,SURF_CLI_CHN_MUL_DAY-WIN-11002-197503.TXT
1975,4,197504,1,1.987,SURF_CLI_CHN_MUL_DAY-WIN-11002-197504.TXT
1975,5,197505,1,1.461,SURF_CLI_CHN_MUL_DAY-WIN-11002-197505.TXT
1975,6,197506,1,1.353,SURF_CLI_CHN_MUL_DAY-WIN-11002-197506.TXT
1975,7,197507,1,1.061,SURF_CLI_CHN_MUL_DAY-WIN-11002-197507.TXT
1975,8,197508,1,1.584,SURF_CLI_CHN_MUL_DAY-WIN-11002-197508.TXT
1975,9,197509,1,1.05,SURF_CLI_CHN_MUL_DAY-WIN-11002-197509.TXT
1975,10,197510,1,1.268,SURF_CLI_CHN_MUL_DAY-WIN-11002-197510.TXT
1975,11,197511,1,1.677,SURF_CLI_CHN_MUL_DAY-WIN-11002-197511.TXT
1975,12,197512,1,1.381,SURF_CLI_CHN_MUL_DAY-WIN-11002-197512.TXT
1976,1,197601,1,1.923,SURF_CLI_CHN_MUL_DAY-WIN-11002-197601.TXT
1976,2,197602,1,1.997,SURF_CLI_CHN_MUL_DAY-WIN-11002-197602.TXT
1976,3,197603,1,1.71,SURF_CLI_CHN_MUL_DAY-WIN-11002-197603.TXT
1976,4,197604,1,1.937,SURF_CLI_CHN_MUL_DAY-WIN-11002-197604.TXT
1976,5,197605,1,1.797,SURF_CLI_CHN_MUL_DAY-WIN-11002-197605.TXT
1976,6,197606,1,1.427,SURF_CLI_CHN_MUL_DAY-WIN-11002-197606.TXT
1976,7,197607,1,1.248,SURF_CLI_CHN_MUL_DAY-WIN-11002-197607.TXT
1976,8,197608,1,1.235,SURF_CLI_CHN_MUL_DAY-WIN-11002-197608.TXT
1976,9,197609,1,1.24,SURF_CLI_CHN_MUL_DAY-WIN-11002-197609.TXT
1976,10,197610,1,0.735,SURF_CLI_CHN_MUL_DAY-WIN-11002-197610.TXT
1976,11,197611,1,0.833,SURF_CLI_CHN_MUL_DAY-WIN-11002-197611.TXT
1976,12,197612,1,1.513,SURF_CLI_CHN_MUL_DAY-WIN-11002-197612.TXT
1977,1,197701,1,1.513,SURF_CLI_CHN_MUL_DAY-WIN-11002-197701.TXT
1977,2,197702,1,1.95,SURF_CLI_CHN_MUL_DAY-WIN-11002-197702.TXT
1977,3,197703,1,1.458,SURF_CLI_CHN_MUL_DAY-WIN-11002-197703.TXT
1977,4,197704,1,1.677,SURF_CLI_CHN_MUL_DAY-WIN-11002-197704.TXT
1977,5,197705,1,1.381,SURF_CLI_CHN_MUL_DAY-WIN-11002-197705.TXT
1977,6,197706,1,1.317,SURF_CLI_CHN_MUL_DAY-WIN-11002-197706.TXT
1977,7,197707,1,1.103,SURF_CLI_CHN_MUL_DAY-WIN-11002-197707.TXT
1977,8,197708,1,1.2,SURF_CLI_CHN_MUL_DAY-WIN-11002-197708.TXT
1977,9,197709,1,1.237,SURF_CLI_CHN_MUL_DAY-WIN-11002-197709.TXT
1977,10,197710,1,0.897,SURF_CLI_CHN_MUL_DAY-WIN-11002-197710.TXT
1977,11,197711,1,0.84,SURF_CLI_CHN_MUL_DAY-WIN-11002-197711.TXT
1977,12,197712,1,1.013,SURF_CLI_CHN_MUL_DAY-WIN-11002-197712.TXT
1978,1,197801,1,1.423,SURF_CLI_CHN_MUL_DAY-WIN-11002-197801.TXT
1978,2,197802,1,2.154,SURF_CLI_CHN_MUL_DAY-WIN-11002-197802.TXT
1978,3,197803,1,1.674,SURF_CLI_CHN_MUL_DAY-WIN-11002-197803.TXT
1978,4,197804,1,1.67,SURF_CLI_CHN_MUL_DAY-WIN-11002-197804.TXT
1978,5,197805,1,1.726,SURF_CLI_CHN_MUL_DAY-WIN-11002-197805.TXT
1978,6,197806,1,1.707,SURF_CLI_CHN_MUL_DAY-WIN-11002-197806.TXT
1978,7,197807,1,1.526,SURF_CLI_CHN_MUL_DAY-WIN-11002-197807.TXT
1978,8,197808,1,1.642,SURF_CLI_CHN_MUL_DAY-WIN-11002-197808.TXT
1978,9,197809,1,1.357,SURF_CLI_CHN_MUL_DAY-WIN-11002-197809.TXT
1978,10,197810,1,1.19,SURF_CLI_CHN_MUL_DAY-WIN-11002-197810.TXT
1978,11,197811,1,1.22,SURF_CLI_CHN_MUL_DAY-WIN-11002-197811.TXT
1978,12,197812,1,0.748,SURF_CLI_CHN_MUL_DAY-WIN-11002-197812.TXT
1979,1,197901,1,1.713,SURF_CLI_CHN_MUL_DAY-WIN-11002-197901.TXT
1979,2,197902,1,1.807,SURF_CLI_CHN_MUL_DAY-WIN-11002-197902.TXT
1979,3,197903,1,1.416,SURF_CLI_CHN_MUL_DAY-WIN-11002-197903.TXT
1979,4,197904,1,2.007,SURF_CLI_CHN_MUL_DAY-WIN-11002-197904.TXT
1979,5,197905,1,2.155,SURF_CLI_CHN_MUL_DAY-WIN-11002-197905.TXT
1979,6,197906,1,1.477,SURF_CLI_CHN_MUL_DAY-WIN-11002-197906.TXT
1979,7,197907,1,1.374,SURF_CLI_CHN_MUL_DAY-WIN-11002-197907.TXT
1979,8,197908,1,1.323,SURF_CLI_CHN_MUL_DAY-WIN-11002-197908.TXT
1979,9,197909,1,0.903,SURF_CLI_CHN_MUL_DAY-WIN-11002-197909.TXT
1979,10,197910,1,1.01,SURF_CLI_CHN_MUL_DAY-WIN-11002-197910.TXT
1979,11,197911,1,1.337,SURF_CLI_CHN_MUL_DAY-WIN-11002-197911.TXT
1979,12,197912,1,0.503,SURF_CLI_CHN_MUL_DAY-WIN-11002-197912.TXT
1980,1,198001,1,1.594,SURF_CLI_CHN_MUL_DAY-WIN-11002-198001.TXT
1980,2,198002,1,1.907,SURF_CLI_CHN_MUL_DAY-WIN-11002-198002.TXT
1980,3,198003,1,2.281,SURF_CLI_CHN_MUL_DAY-WIN-11002-198003.TXT
1980,4,198004,1,2.35,SURF_CLI_CHN_MUL_DAY-WIN-11002-198004.TXT
1980,5,198005,1,1.839,SURF_CLI_CHN_MUL_DAY-WIN-11002-198005.TXT
1980,6,198006,1,1.127,SURF_CLI_CHN_MUL_DAY-WIN-11002-198006.TXT
1980,7,198007,1,1.071,SURF_CLI_CHN_MUL_DAY-WIN-11002-198007.TXT
1980,8,198008,1,0.774,SURF_CLI_CHN_MUL_DAY-WIN-11002-198008.TXT
1980,9,198009,1,0.95,SURF_CLI_CHN_MUL_DAY-WIN-11002-198009.TXT
1980,10,198010,1,1.139,SURF_CLI_CHN_MUL_DAY-WIN-11002-198010.TXT
1980,11,198011,1,1.01,SURF_CLI_CHN_MUL_DAY-WIN-11002-198011.TXT
1980,12,198012,1,1.1,SURF_CLI_CHN_MUL_DAY-WIN-11002-198012.TXT
1981,1,198101,1,1.06,SURF_CLI_CHN_MUL_DAY-WIN-11002-198101.TXT
1981,2,198102,1,1.332,SURF_CLI_CHN_MUL_DAY-WIN-11002-198102.TXT
1981,3,198103,1,1.384,SURF_CLI_CHN_MUL_DAY-WIN-11002-198103.TXT
1981,4,198104,1,1.957,SURF_CLI_CHN_MUL_DAY-WIN-11002-198104.TXT
1981,5,198105,1,1.6,SURF_CLI_CHN_MUL_DAY-WIN-11002-198105.TXT
1981,6,198106,1,2.01,SURF_CLI_CHN_MUL_DAY-WIN-11002-198106.TXT
1981,7,198107,1,1.932,SURF_CLI_CHN_MUL_DAY-WIN-11002-198107.TXT
1981,8,198108,1,1.6,SURF_CLI_CHN_MUL_DAY-WIN-11002-198108.TXT
1981,9,198109,1,1.153,SURF_CLI_CHN_MUL_DAY-WIN-11002-198109.TXT
1981,10,198110,1,2.01,SURF_CLI_CHN_MUL_DAY-WIN-11002-198110.TXT
1981,11,198111,1,1.32,SURF_CLI_CHN_MUL_DAY-WIN-11002-198111.TXT
1981,12,198112,1,0.91,SURF_CLI_CHN_MUL_DAY-WIN-11002-198112.TXT
1982,1,198201,1,1.545,SURF_CLI_CHN_MUL_DAY-WIN-11002-198201.TXT
1982,2,198202,1,1.571,SURF_CLI_CHN_MUL_DAY-WIN-11002-198202.TXT
1982,3,198203,1,1.894,SURF_CLI_CHN_MUL_DAY-WIN-11002-198203.TXT
1982,4,198204,1,1.977,SURF_CLI_CHN_MUL_DAY-WIN-11002-198204.TXT
1982,5,198205,1,2.116,SURF_CLI_CHN_MUL_DAY-WIN-11002-198205.TXT
1982,6,198206,1,1.507,SURF_CLI_CHN_MUL_DAY-WIN-11002-198206.TXT
1982,7,198207,1,1.635,SURF_CLI_CHN_MUL_DAY-WIN-11002-198207.TXT
1982,8,198208,1,2.313,SURF_CLI_CHN_MUL_DAY-WIN-11002-198208.TXT
1982,9,198209,1,2.15,SURF_CLI_CHN_MUL_DAY-WIN-11002-198209.TXT
1982,10,198210,1,1.687,SURF_CLI_CHN_MUL_DAY-WIN-11002-198210.TXT
1982,11,198211,1,1.38,SURF_CLI_CHN_MUL_DAY-WIN-11002-198211.TXT
1982,12,198212,1,1.142,SURF_CLI_CHN_MUL_DAY-WIN-11002-198212.TXT
1983,1,198301,1,1.394,SURF_CLI_CHN_MUL_DAY-WIN-11002-198301.TXT
1983,2,198302,1,1.839,SURF_CLI_CHN_MUL_DAY-WIN-11002-198302.TXT
1983,3,198303,1,2.081,SURF_CLI_CHN_MUL_DAY-WIN-11002-198303.TXT
1983,4,198304,1,2.207,SURF_CLI_CHN_MUL_DAY-WIN-11002-198304.TXT
1983,5,198305,1,2.671,SURF_CLI_CHN_MUL_DAY-WIN-11002-198305.TXT
1983,6,198306,1,1.82,SURF_CLI_CHN_MUL_DAY-WIN-11002-198306.TXT
1983,7,198307,1,1.771,SURF_CLI_CHN_MUL_DAY-WIN-11002-198307.TXT
1983,8,198308,1,2.265,SURF_CLI_CHN_MUL_DAY-WIN-11002-198308.TXT
1983,9,198309,1,1.38,SURF_CLI_CHN_MUL_DAY-WIN-11002-198309.TXT
1983,10,198310,1,1.381,SURF_CLI_CHN_MUL_DAY-WIN-11002-198310.TXT
1983,11,198311,1,1.54,SURF_CLI_CHN_MUL_DAY-WIN-11002-198311.TXT
1983,12,198312,1,1.274,SURF_CLI_CHN_MUL_DAY-WIN-11002-198312.TXT
1984,1,198401,1,2.281,SURF_CLI_CHN_MUL_DAY-WIN-11002-198401.TXT
1984,2,198402,1,3.21,SURF_CLI_CHN_MUL_DAY-WIN-11002-198402.TXT
1984,3,198403,1,2.423,SURF_CLI_CHN_MUL_DAY-WIN-11002-198403.TXT
1984,4,198404,1,2.107,SURF_CLI_CHN_MUL_DAY-WIN-11002-198404.TXT
1984,5,198405,1,2.094,SURF_CLI_CHN_MUL_DAY-WIN-11002-198405.TXT
1984,6,198406,1,1.67,SURF_CLI_CHN_MUL_DAY-WIN-11002-198406.TXT
1984,7,198407,1,1.635,SURF_CLI_CHN_MUL_DAY-WIN-11002-198407.TXT
1984,8,198408,1,2.226,SURF_CLI_CHN_MUL_DAY-WIN-11002-198408.TXT
1984,9,198409,1,1.8,SURF_CLI_CHN_MUL_DAY-WIN-11002-198409.TXT
1984,10,198410,1,1.952,SURF_CLI_CHN_MUL_DAY-WIN-11002-198410.TXT
1984,11,198411,1,1.783,SURF_CLI_CHN_MUL_DAY-WIN-11002-198411.TXT
1984,12,198412,1,1.842,SURF_CLI_CHN_MUL_DAY-WIN-11002-198412.TXT
1985,1,198501,1,1.716,SURF_CLI_CHN_MUL_DAY-WIN-11002-198501.TXT
1985,2,198502,1,2.3,SURF_CLI_CHN_MUL_DAY-WIN-11002-198502.TXT
1985,3,198503,1,1.916,SURF_CLI_CHN_MUL_DAY-WIN-11002-198503.TXT
1985,4,198504,1,1.957,SURF_CLI_CHN_MUL_DAY-WIN-11002-198504.TXT
1985,5,198505,1,2.252,SURF_CLI_CHN_MUL_DAY-WIN-11002-198505.TXT
1985,6,198506,1,1.533,SURF_CLI_CHN_MUL_DAY-WIN-11002-198506.TXT
1985,7,198507,1,1.855,SURF_CLI_CHN_MUL_DAY-WIN-11002-198507.TXT
1985,8,198508,1,2.087,SURF_CLI_CHN_MUL_DAY-WIN-11002-198508.TXT
1985,9,198509,1,1.12,SURF_CLI_CHN_MUL_DAY-WIN-11002-198509.TXT
1985,10,198510,1,1.342,SURF_CLI_CHN_MUL_DAY-WIN-11002-198510.TXT
1985,11,198511,1,1.543,SURF_CLI_CHN_MUL_DAY-WIN-11002-198511.TXT
1985,12,198512,1,1.284,SURF_CLI_CHN_MUL_DAY-WIN-11002-198512.TXT
1986,1,198601,1,1.826,SURF_CLI_CHN_MUL_DAY-WIN-11002-198601.TXT
1986,2,198602,1,1.961,SURF_CLI_CHN_MUL_DAY-WIN-11002-198602.TXT
1986,3,198603,1,1.829,SURF_CLI_CHN_MUL_DAY-WIN-11002-198603.TXT
1986,4,198604,1,1.877,SURF_CLI_CHN_MUL_DAY-WIN-11002-198604.TXT
1986,5,198605,1,2.574,SURF_CLI_CHN_MUL_DAY-WIN-11002-198605.TXT
1986,6,198606,1,2.01,SURF_CLI_CHN_MUL_DAY-WIN-11002-198606.TXT
1986,7,198607,1,2.023,SURF_CLI_CHN_MUL_DAY-WIN-11002-198607.TXT
1986,8,198608,1,2.006,SURF_CLI_CHN_MUL_DAY-WIN-11002-198608.TXT
1986,9,198609,1,1.57,SURF_CLI_CHN_MUL_DAY-WIN-11002-198609.TXT
1986,10,198610,1,1.271,SURF_CLI_CHN_MUL_DAY-WIN-11002-198610.TXT
1986,11,198611,1,1.223,SURF_CLI_CHN_MUL_DAY-WIN-11002-198611.TXT
1986,12,198612,1,1.487,SURF_CLI_CHN_MUL_DAY-WIN-11002-198612.TXT
1987,1,198701,1,1.494,SURF_CLI_CHN_MUL_DAY-WIN-11002-198701.TXT
1987,2,198702,1,2.132,SURF_CLI_CHN_MUL_DAY-WIN-11002-198702.TXT
1987,3,198703,1,1.939,SURF_CLI_CHN_MUL_DAY-WIN-11002-198703.TXT
1987,4,198704,1,1.767,SURF_CLI_CHN_MUL_DAY-WIN-11002-198704.TXT
1987,5,198705,1,2.365,SURF_CLI_CHN_MUL_DAY-WIN-11002-198705.TXT
1987,6,198706,1,1.727,SURF_CLI_CHN_MUL_DAY-WIN-11002-198706.TXT
1987,7,198707,1,1.097,SURF_CLI_CHN_MUL_DAY-WIN-11002-198707.TXT
1987,8,198708,1,1.365,SURF_CLI_CHN_MUL_DAY-WIN-11002-198708.TXT
1987,9,198709,1,1.2,SURF_CLI_CHN_MUL_DAY-WIN-11002-198709.TXT
1987,10,198710,1,1.506,SURF_CLI_CHN_MUL_DAY-WIN-11002-198710.TXT
1987,11,198711,1,1.47,SURF_CLI_CHN_MUL_DAY-WIN-11002-198711.TXT
1987,12,198712,1,1.094,SURF_CLI_CHN_MUL_DAY-WIN-11002-198712.TXT
1988,1,198801,1,1.655,SURF_CLI_CHN_MUL_DAY-WIN-11002-198801.TXT
1988,2,198802,1,1.786,SURF_CLI_CHN_MUL_DAY-WIN-11002-198802.TXT
1988,3,198803,1,2.306,SURF_CLI_CHN_MUL_DAY-WIN-11002-198803.TXT
1988,4,198804,1,2.097,SURF_CLI_CHN_MUL_DAY-WIN-11002-198804.TXT
1988,5,198805,1,2.3,SURF_CLI_CHN_MUL_DAY-WIN-11002-198805.TXT
1988,6,198806,1,1.667,SURF_CLI_CHN_MUL_DAY-WIN-11002-198806.TXT
1988,7,198807,1,1.674,SURF_CLI_CHN_MUL_DAY-WIN-11002-198807.TXT
1988,8,198808,1,1.535,SURF_CLI_CHN_MUL_DAY-WIN-11002-198808.TXT
1988,9,198809,1,1.373,SURF_CLI_CHN_MUL_DAY-WIN-11002-198809.TXT
1988,10,198810,1,1.352,SURF_CLI_CHN_MUL_DAY-WIN-11002-198810.TXT
1988,11,198811,1,1.25,SURF_CLI_CHN_MUL_DAY-WIN-11002-198811.TXT
1988,12,198812,1,1.265,SURF_CLI_CHN_MUL_DAY-WIN-11002-198812.TXT
1989,1,198901,1,1.99,SURF_CLI_CHN_MUL_DAY-WIN-11002-198901.TXT
1989,2,198902,1,2.057,SURF_CLI_CHN_MUL_DAY-WIN-11002-198902.TXT
1989,3,198903,1,2.423,SURF_CLI_CHN_MUL_DAY-WIN-11002-198903.TXT
1989,4,198904,1,1.733,SURF_CLI_CHN_MUL_DAY-WIN-11002-198904.TXT
1989,5,198905,1,2.019,SURF_CLI_CHN_MUL_DAY-WIN-11002-198905.TXT
1989,6,198906,1,1.683,SURF_CLI_CHN_MUL_DAY-WIN-11002-198906.TXT
1989,7,198907,1,1.642,SURF_CLI_CHN_MUL_DAY-WIN-11002-198907.TXT
1989,8,198908,1,1.752,SURF_CLI_CHN_MUL_DAY-WIN-11002-198908.TXT
1989,9,198909,1,1.128,SURF_CLI_CHN_MUL_DAY-WIN-11002-198909.TXT
1989,10,198910,1,1.255,SURF_CLI_CHN_MUL_DAY-WIN-11002-198910.TXT
1989,11,198911,1,1.023,SURF_CLI_CHN_MUL_DAY-WIN-11002-198911.TXT
1989,12,198912,1,0.919,SURF_CLI_CHN_MUL_DAY-WIN-11002-198912.TXT
1990,1,199001,1,1.284,SURF_CLI_CHN_MUL_DAY-WIN-11002-199001.TXT
1990,2,199002,1,1.446,SURF_CLI_CHN_MUL_DAY-WIN-11002-199002.TXT
1990,3,199003,1,1.777,SURF_CLI_CHN_MUL_DAY-WIN-11002-199003.TXT
1990,4,199004,1,1.73,SURF_CLI_CHN_MUL_DAY-WIN-11002-199004.TXT
1990,5,199005,1,1.652,SURF_CLI_CHN_MUL_DAY-WIN-11002-199005.TXT
1990,6,199006,1,1.431,SURF_CLI_CHN_MUL_DAY-WIN-11002-199006.TXT
1990,7,199007,1,1.597,SURF_CLI_CHN_MUL_DAY-WIN-11002-199007.TXT
1990,8,199008,1,1.755,SURF_CLI_CHN_MUL_DAY-WIN-11002-199008.TXT
1990,9,199009,1,1.36,SURF_CLI_CHN_MUL_DAY-WIN-11002-199009.TXT
1990,10,199010,1,1.61,SURF_CLI_CHN_MUL_DAY-WIN-11002-199010.TXT
1990,11,199011,1,1.43,SURF_CLI_CHN_MUL_DAY-WIN-11002-199011.TXT
1990,12,199012,1,1.148,SURF_CLI_CHN_MUL_DAY-WIN-11002-199012.TXT
1991,1,199101,1,1.748,SURF_CLI_CHN_MUL_DAY-WIN-11002-199101.TXT
1991,2,199102,1,2.461,SURF_CLI_CHN_MUL_DAY-WIN-11002-199102.TXT
1991,3,199103,1,1.706,SURF_CLI_CHN_MUL_DAY-WIN-11002-199103.TXT
1991,4,199104,1,1.56,SURF_CLI_CHN_MUL_DAY-WIN-11002-199104.TXT
1991,5,199105,1,2.2,SURF_CLI_CHN_MUL_DAY-WIN-11002-199105.TXT
1991,6,199106,1,1.627,SURF_CLI_CHN_MUL_DAY-WIN-11002-199106.TXT
1991,7,199107,1,1.568,SURF_CLI_CHN_MUL_DAY-WIN-11002-199107.TXT
1991,8,199108,1,1.297,SURF_CLI_CHN_MUL_DAY-WIN-11002-199108.TXT
1991,9,199109,1,1.32,SURF_CLI_CHN_MUL_DAY-WIN-11002-199109.TXT
1991,10,199110,1,1.313,SURF_CLI_CHN_MUL_DAY-WIN-11002-199110.TXT
1991,11,199111,1,1.21,SURF_CLI_CHN_MUL_DAY-WIN-11002-199111.TXT
1991,12,199112,1,0.79,SURF_CLI_CHN_MUL_DAY-WIN-11002-199112.TXT
1992,1,199201,1,0.994,SURF_CLI_CHN_MUL_DAY-WIN-11002-199201.TXT
1992,2,199202,1,1.51,SURF_CLI_CHN_MUL_DAY-WIN-11002-199202.TXT
1992,3,199203,1,1.558,SURF_CLI_CHN_MUL_DAY-WIN-11002-199203.TXT
1992,4,199204,1,2.04,SURF_CLI_CHN_MUL_DAY-WIN-11002-199204.TXT
1992,5,199205,1,1.806,SURF_CLI_CHN_MUL_DAY-WIN-11002-199205.TXT
1992,6,199206,1,1.657,SURF_CLI_CHN_MUL_DAY-WIN-11002-199206.TXT
1992,7,199207,1,1.545,SURF_CLI_CHN_MUL_DAY-WIN-11002-199207.TXT
1992,8,199208,1,1.726,SURF_CLI_CHN_MUL_DAY-WIN-11002-199208.TXT
1992,9,199209,1,1.81,SURF_CLI_CHN_MUL_DAY-WIN-11002-199209.TXT
1992,10,199210,1,1.271,SURF_CLI_CHN_MUL_DAY-WIN-11002-199210.TXT
1992,11,199211,1,1.323,SURF_CLI_CHN_MUL_DAY-WIN-11002-199211.TXT
1992,12,199212,1,0.839,SURF_CLI_CHN_MUL_DAY-WIN-11002-199212.TXT
1993,1,199301,1,1.494,SURF_CLI_CHN_MUL_DAY-WIN-11002-199301.TXT
1993,2,199302,1,1.711,SURF_CLI_CHN_MUL_DAY-WIN-11002-199302.TXT
1993,3,199303,1,2.258,SURF_CLI_CHN_MUL_DAY-WIN-11002-199303.TXT
1993,4,199304,1,2.059,SURF_CLI_CHN_MUL_DAY-WIN-11002-199304.TXT
1993,5,199305,1,1.845,SURF_CLI_CHN_MUL_DAY-WIN-11002-199305.TXT
1993,6,199306,1,1.58,SURF_CLI_CHN_MUL_DAY-WIN-11002-199306.TXT
1993,7,199307,1,1.519,SURF_CLI_CHN_MUL_DAY-WIN-11002-199307.TXT
1993,8,199308,1,1.187,SURF_CLI_CHN_MUL_DAY-WIN-11002-199308.TXT
1993,9,199309,1,1.093,SURF_CLI_CHN_MUL_DAY-WIN-11002-199309.TXT
1993,10,199310,1,1.397,SURF_CLI_CHN_MUL_DAY-WIN-11002-199310.TXT
1993,11,199311,1,1.137,SURF_CLI_CHN_MUL_DAY-WIN-11002-199311.TXT
1993,12,199312,1,1.139,SURF_CLI_CHN_MUL_DAY-WIN-11002-199312.TXT
1994,1,199401,1,1.755,SURF_CLI_CHN_MUL_DAY-WIN-11002-199401.TXT
1994,2,199402,1,1.939,SURF_CLI_CHN_MUL_DAY-WIN-11002-199402.TXT
1994,3,199403,1,1.606,SURF_CLI_CHN_MUL_DAY-WIN-11002-199403.TXT
1994,4,199404,1,1.753,SURF_CLI_CHN_MUL_DAY-WIN-11002-199404.TXT
1994,5,199405,1,1.671,SURF_CLI_CHN_MUL_DAY-WIN-11002-199405.TXT
1994,6,199406,1,1.37,SURF_CLI_CHN_MUL_DAY-WIN-11002-199406.TXT
1994,7,199407,1,1.984,SURF_CLI_CHN_MUL_DAY-WIN-11002-199407.TXT
1994,8,199408,1,1.552,SURF_CLI_CHN_MUL_DAY-WIN-11002-199408.TXT
1994,9,199409,1,1.483,SURF_CLI_CHN_MUL_DAY-WIN-11002-199409.TXT
1994,10,199410,1,1.406,SURF_CLI_CHN_MUL_DAY-WIN-11002-199410.TXT
1994,11,199411,1,1.173,SURF_CLI_CHN_MUL_DAY-WIN-11002-199411.TXT
1994,12,199412,1,1.332,SURF_CLI_CHN_MUL_DAY-WIN-11002-199412.TXT
1995,1,199501,1,1.606,SURF_CLI_CHN_MUL_DAY-WIN-11002-199501.TXT
1995,2,199502,1,1.486,SURF_CLI_CHN_MUL_DAY-WIN-11002-199502.TXT
1995,3,199503,1,1.765,SURF_CLI_CHN_MUL_DAY-WIN-11002-199503.TXT
1995,4,199504,1,1.66,SURF_CLI_CHN_MUL_DAY-WIN-11002-199504.TXT
1995,5,199505,1,1.3,SURF_CLI_CHN_MUL_DAY-WIN-11002-199505.TXT
1995,6,199506,1,1.367,SURF_CLI_CHN_MUL_DAY-WIN-11002-199506.TXT
1995,7,199507,1,1.368,SURF_CLI_CHN_MUL_DAY-WIN-11002-199507.TXT
1995,8,199508,1,1.387,SURF_CLI_CHN_MUL_DAY-WIN-11002-199508.TXT
1995,9,199509,1,1.077,SURF_CLI_CHN_MUL_DAY-WIN-11002-199509.TXT
1995,10,199510,1,1.248,SURF_CLI_CHN_MUL_DAY-WIN-11002-199510.TXT
1995,11,199511,1,1.157,SURF_CLI_CHN_MUL_DAY-WIN-11002-199511.TXT
1995,12,199512,1,1.452,SURF_CLI_CHN_MUL_DAY-WIN-11002-199512.TXT
1996,1,199601,1,1.874,SURF_CLI_CHN_MUL_DAY-WIN-11002-199601.TXT
1996,2,199602,1,1.524,SURF_CLI_CHN_MUL_DAY-WIN-11002-199602.TXT
1996,3,199603,1,1.232,SURF_CLI_CHN_MUL_DAY-WIN-11002-199603.TXT
1996,4,199604,1,1.807,SURF_CLI_CHN_MUL_DAY-WIN-11002-199604.TXT
1996,5,199605,1,1.51,SURF_CLI_CHN_MUL_DAY-WIN-11002-199605.TXT
1996,6,199606,1,1.8,SURF_CLI_CHN_MUL_DAY-WIN-11002-199606.TXT
1996,7,199607,1,1.552,SURF_CLI_CHN_MUL_DAY-WIN-11002-199607.TXT
1996,8,199608,1,1.574,SURF_CLI_CHN_MUL_DAY-WIN-11002-199608.TXT
1996,9,199609,1,1.033,SURF_CLI_CHN_MUL_DAY-WIN-11002-199609.TXT
1996,10,199610,1,1.439,SURF_CLI_CHN_MUL_DAY-WIN-11002-199610.TXT
1996,11,199611,1,1.5,SURF_CLI_CHN_MUL_DAY-WIN-11002-199611.TXT
1996,12,199612,1,0.952,SURF_CLI_CHN_MUL_DAY-WIN-11002-199612.TXT
1997,1,199701,1,1.161,SURF_CLI_CHN_MUL_DAY-WIN-11002-199701.TXT
1997,2,199702,1,1.8,SURF_CLI_CHN_MUL_DAY-WIN-11002-199702.TXT
1997,3,199703,1,1.39,SURF_CLI_CHN_MUL_DAY-WIN-11002-199703.TXT
1997,4,199704,1,1.747,SURF_CLI_CHN_MUL_DAY-WIN-11002-199704.TXT
1997,5,199705,1,1.794,SURF_CLI_CHN_MUL_DAY-WIN-11002-199705.TXT
1997,6,199706,1,1.557,SURF_CLI_CHN_MUL_DAY-WIN-11002-199706.TXT
1997,7,199707,1,1.648,SURF_CLI_CHN_MUL_DAY-WIN-11002-199707.TXT
1997,8,199708,1,1.574,SURF_CLI_CHN_MUL_DAY-WIN-11002-199708.TXT
1997,9,199709,1,1.477,SURF_CLI_CHN_MUL_DAY-WIN-11002-199709.TXT
1997,10,199710,1,1.474,SURF_CLI_CHN_MUL_DAY-WIN-11002-199710.TXT
1997,11,199711,1,1.233,SURF_CLI_CHN_MUL_DAY-WIN-11002-199711.TXT
1997,12,199712,1,1.235,SURF_CLI_CHN_MUL_DAY-WIN-11002-199712.TXT
1998,1,199801,1,1.79,SURF_CLI_CHN_MUL_DAY-WIN-11002-199801.TXT
1998,2,199802,1,1.468,SURF_CLI_CHN_MUL_DAY-WIN-11002-199802.TXT
1998,3,199803,1,1.674,SURF_CLI_CHN_MUL_DAY-WIN-11002-199803.TXT
1998,4,199804,1,1.903,SURF_CLI_CHN_MUL_DAY-WIN-11002-199804.TXT
1998,5,199805,1,1.839,SURF_CLI_CHN_MUL_DAY-WIN-11002-199805.TXT
1998,6,199806,1,1.65,SURF_CLI_CHN_MUL_DAY-WIN-11002-199806.TXT
1998,7,199807,1,1.161,SURF_CLI_CHN_MUL_DAY-WIN-11002-199807.TXT
1998,8,199808,1,1.068,SURF_CLI_CHN_MUL_DAY-WIN-11002-199808.TXT
1998,9,199809,1,1.597,SURF_CLI_CHN_MUL_DAY-WIN-11002-199809.TXT
1998,10,199810,1,1.155,SURF_CLI_CHN_MUL_DAY-WIN-11002-199810.TXT
1998,11,199811,1,0.98,SURF_CLI_CHN_MUL_DAY-WIN-11002-199811.TXT
1998,12,199812,1,0.777,SURF_CLI_CHN_MUL_DAY-WIN-11002-199812.TXT
1999,1,199901,1,1.458,SURF_CLI_CHN_MUL_DAY-WIN-11002-199901.TXT
1999,2,199902,1,1.596,SURF_CLI_CHN_MUL_DAY-WIN-11002-199902.TXT
1999,3,199903,1,1.797,SURF_CLI_CHN_MUL_DAY-WIN-11002-199903.TXT
1999,4,199904,1,1.547,SURF_CLI_CHN_MUL_DAY-WIN-11002-199904.TXT
1999,5,199905,1,1.348,SURF_CLI_CHN_MUL_DAY-WIN-11002-199905.TXT
1999,6,199906,1,0.957,SURF_CLI_CHN_MUL_DAY-WIN-11002-199906.TXT
1999,7,199907,1,0.919,SURF_CLI_CHN_MUL_DAY-WIN-11002-199907.TXT
1999,8,199908,1,1.026,SURF_CLI_CHN_MUL_DAY-WIN-11002-199908.TXT
1999,9,199909,1,1.107,SURF_CLI_CHN_MUL_DAY-WIN-11002-199909.TXT
1999,10,199910,1,0.858,SURF_CLI_CHN_MUL_DAY-WIN-11002-199910.TXT
1999,11,199911,1,0.953,SURF_CLI_CHN_MUL_DAY-WIN-11002-199911.TXT
1999,12,199912,1,0.835,SURF_CLI_CHN_MUL_DAY-WIN-11002-199912.TXT
2000,1,200001,1,1.213,SURF_CLI_CHN_MUL_DAY-WIN-11002-200001.TXT
2000,2,200002,1,2.576,SURF_CLI_CHN_MUL_DAY-WIN-11002-200002.TXT
2000,3,200003,1,1.558,SURF_CLI_CHN_MUL_DAY-WIN-11002-200003.TXT
2000,4,200004,1,1.6,SURF_CLI_CHN_MUL_DAY-WIN-11002-200004.TXT
2000,5,200005,1,1.342,SURF_CLI_CHN_MUL_DAY-WIN-11002-200005.TXT
2000,6,200006,1,1.533,SURF_CLI_CHN_MUL_DAY-WIN-11002-200006.TXT
2000,7,200007,1,1.461,SURF_CLI_CHN_MUL_DAY-WIN-11002-200007.TXT
2000,8,200008,1,0.952,SURF_CLI_CHN_MUL_DAY-WIN-11002-200008.TXT
2000,9,200009,1,0.893,SURF_CLI_CHN_MUL_DAY-WIN-11002-200009.TXT
2000,10,200010,1,1.106,SURF_CLI_CHN_MUL_DAY-WIN-11002-200010.TXT
2000,11,200011,1,1.423,SURF_CLI_CHN_MUL_DAY-WIN-11002-200011.TXT
2000,12,200012,1,0.868,SURF_CLI_CHN_MUL_DAY-WIN-11002-200012.TXT
2001,1,200101,1,1.352,SURF_CLI_CHN_MUL_DAY-WIN-11002-200101.TXT
2001,2,200102,1,1.996,SURF_CLI_CHN_MUL_DAY-WIN-11002-200102.TXT
2001,3,200103,1,1.294,SURF_CLI_CHN_MUL_DAY-WIN-11002-200103.TXT
2001,4,200104,1,1.46,SURF_CLI_CHN_MUL_DAY-WIN-11002-200104.TXT
2001,5,200105,1,1.477,SURF_CLI_CHN_MUL_DAY-WIN-11002-200105.TXT
2001,6,200106,1,1.033,SURF_CLI_CHN_MUL_DAY-WIN-11002-200106.TXT
2001,7,200107,1,1.332,SURF_CLI_CHN_MUL_DAY-WIN-11002-200107.TXT
2001,8,200108,1,1.161,SURF_CLI_CHN_MUL_DAY-WIN-11002-200108.TXT
2001,9,200109,1,1.0,SURF_CLI_CHN_MUL_DAY-WIN-11002-200109.TXT
2001,10,200110,1,0.974,SURF_CLI_CHN_MUL_DAY-WIN-11002-200110.TXT
2001,11,200111,1,0.9,SURF_CLI_CHN_MUL_DAY-WIN-11002-200111.TXT
2001,12,200112,1,1.123,SURF_CLI_CHN_MUL_DAY-WIN-11002-200112.TXT
2002,1,200201,1,1.223,SURF_CLI_CHN_MUL_DAY-WIN-11002-200201.TXT
2002,2,200202,1,1.864,SURF_CLI_CHN_MUL_DAY-WIN-11002-200202.TXT
2002,3,200203,1,1.535,SURF_CLI_CHN_MUL_DAY-WIN-11002-200203.TXT
2002,4,200204,1,1.75,SURF_CLI_CHN_MUL_DAY-WIN-11002-200204.TXT
2002,5,200205,1,1.429,SURF_CLI_CHN_MUL_DAY-WIN-11002-200205.TXT
2002,6,200206,1,1.407,SURF_CLI_CHN_MUL_DAY-WIN-11002-200206.TXT
2002,7,200207,1,1.181,SURF_CLI_CHN_MUL_DAY-WIN-11002-200207.TXT
2002,8,200208,1,1.584,SURF_CLI_CHN_MUL_DAY-WIN-11002-200208.TXT
2002,9,200209,1,1.487,SURF_CLI_CHN_MUL_DAY-WIN-11002-200209.TXT
2002,10,200210,1,1.145,SURF_CLI_CHN_MUL_DAY-WIN-11002-200210.TXT
2002,11,200211,1,1.063,SURF_CLI_CHN_MUL_DAY-WIN-11002-200211.TXT
2002,12,200212,1,1.077,SURF_CLI_CHN_MUL_DAY-WIN-11002-200212.TXT
2003,1,200301,1,1.245,SURF_CLI_CHN_MUL_DAY-WIN-11002-200301.TXT
2003,2,200302,1,1.325,SURF_CLI_CHN_MUL_DAY-WIN-11002-200302.TXT
2003,3,200303,1,1.813,SURF_CLI_CHN_MUL_DAY-WIN-11002-200303.TXT
2003,4,200304,1,1.6,SURF_CLI_CHN_MUL_DAY-WIN-11002-200304.TXT
2003,5,200305,1,1.555,SURF_CLI_CHN_MUL_DAY-WIN-11002-200305.TXT
2003,6,200306,1,0.973,SURF_CLI_CHN_MUL_DAY-WIN-11002-200306.TXT
2003,7,200307,1,1.106,SURF_CLI_CHN_MUL_DAY-WIN-11002-200307.TXT
2003,8,200308,1,1.197,SURF_CLI_CHN_MUL_DAY-WIN-11002-200308.TXT
2003,9,200309,1,0.803,SURF_CLI_CHN_MUL_DAY-WIN-11002-200309.TXT
2003,10,200310,1,1.094,SURF_CLI_CHN_MUL_DAY-WIN-11002-200310.TXT
2003,11,200311,1,1.157,SURF_CLI_CHN_MUL_DAY-WIN-11002-200311.TXT
2003,12,200312,1,1.074,SURF_CLI_CHN_MUL_DAY-WIN-11002-200312.TXT
2004,1,200401,1,1.465,SURF_CLI_CHN_MUL_DAY-WIN-11002-200401.TXT
2004,2,200402,1,1.521,SURF_CLI_CHN_MUL_DAY-WIN-11002-200402.TXT
2004,3,200403,1,1.41,SURF_CLI_CHN_MUL_DAY-WIN-11002-200403.TXT
2004,4,200404,1,1.67,SURF_CLI_CHN_MUL_DAY-WIN-11002-200404.TXT
2004,5,200405,1,1.426,SURF_CLI_CHN_MUL_DAY-WIN-11002-200405.TXT
2004,6,200406,1,0.923,SURF_CLI_CHN_MUL_DAY-WIN-11002-200406.TXT
2004,7,200407,1,1.039,SURF_CLI_CHN_MUL_DAY-WIN-11002-200407.TXT
2004,8,200408,1,1.171,SURF_CLI_CHN_MUL_DAY-WIN-11002-200408.TXT
2004,9,200409,1,1.133,SURF_CLI_CHN_MUL_DAY-WIN-11002-200409.TXT
2004,10,200410,1,1.187,SURF_CLI_CHN_MUL_DAY-WIN-11002-200410.TXT
2004,11,200411,1,0.937,SURF_CLI_CHN_MUL_DAY-WIN-11002-200411.TXT
2004,12,200412,1,0.484,SURF_CLI_CHN_MUL_DAY-WIN-11002-200412.TXT
2005,1,200501,1,1.113,SURF_CLI_CHN_MUL_DAY-WIN-11002-200501.TXT
2005,2,200502,1,1.204,SURF_CLI_CHN_MUL_DAY-WIN-11002-200502.TXT
2005,3,200503,1,0.839,SURF_CLI_CHN_MUL_DAY-WIN-11002-200503.TXT
2005,4,200504,1,1.13,SURF_CLI_CHN_MUL_DAY-WIN-11002-200504.TXT
2005,5,200505,1,1.423,SURF_CLI_CHN_MUL_DAY-WIN-11002-200505.TXT
2005,6,200506,1,1.227,SURF_CLI_CHN_MUL_DAY-WIN-11002-200506.TXT
2005,7,200507,1,1.406,SURF_CLI_CHN_MUL_DAY-WIN-11002-200507.TXT
2005,8,200508,1,0.9,SURF_CLI_CHN_MUL_DAY-WIN-11002-200508.TXT
2005,9,200509,1,1.087,SURF_CLI_CHN_MUL_DAY-WIN-11002-200509.TXT
2005,10,200510,1,0.981,SURF_CLI_CHN_MUL_DAY-WIN-11002-200510.TXT
2005,11,200511,1,1.087,SURF_CLI_CHN_MUL_DAY-WIN-11002-200511.TXT
2005,12,200512,1,0.806,SURF_CLI_CHN_MUL_DAY-WIN-11002-200512.TXT
2006,1,200601,1,1.071,SURF_CLI_CHN_MUL_DAY-WIN-11002-200601.TXT
2006,2,200602,1,1.082,SURF_CLI_CHN_MUL_DAY-WIN-11002-200602.TXT
2006,3,200603,1,1.152,SURF_CLI_CHN_MUL_DAY-WIN-11002-200603.TXT
2006,4,200604,1,1.33,SURF_CLI_CHN_MUL_DAY-WIN-11002-200604.TXT
2006,5,200605,1,1.174,SURF_CLI_CHN_MUL_DAY-WIN-11002-200605.TXT
2006,6,200606,1,1.147,SURF_CLI_CHN_MUL_DAY-WIN-11002-200606.TXT
2006,7,200607,1,1.452,SURF_CLI_CHN_MUL_DAY-WIN-11002-200607.TXT
2006,8,200608,1,1.519,SURF_CLI_CHN_MUL_DAY-WIN-11002-200608.TXT
2006,9,200609,1,1.367,SURF_CLI_CHN_MUL_DAY-WIN-11002-200609.TXT
2006,10,200610,1,1.042,SURF_CLI_CHN_MUL_DAY-WIN-11002-200610.TXT
2006,11,200611,1,0.91,SURF_CLI_CHN_MUL_DAY-WIN-11002-200611.TXT
2006,12,200612,1,0.739,SURF_CLI_CHN_MUL_DAY-WIN-11002-200612.TXT
2007,1,200701,1,1.39,SURF_CLI_CHN_MUL_DAY-WIN-11002-200701.TXT
2007,2,200702,1,1.525,SURF_CLI_CHN_MUL_DAY-WIN-11002-200702.TXT
2007,3,200703,1,1.932,SURF_CLI_CHN_MUL_DAY-WIN-11002-200703.TXT
2007,4,200704,1,1.663,SURF_CLI_CHN_MUL_DAY-WIN-11002-200704.TXT
2007,5,200705,1,1.745,SURF_CLI_CHN_MUL_DAY-WIN-11002-200705.TXT
2007,6,200706,1,1.353,SURF_CLI_CHN_MUL_DAY-WIN-11002-200706.TXT
2007,7,200707,1,1.229,SURF_CLI_CHN_MUL_DAY-WIN-11002-200707.TXT
2007,8,200708,1,1.419,SURF_CLI_CHN_MUL_DAY-WIN-11002-200708.TXT
2007,9,200709,1,1.207,SURF_CLI_CHN_MUL_DAY-WIN-11002-200709.TXT
2007,10,200710,1,1.352,SURF_CLI_CHN_MUL_DAY-WIN-11002-200710.TXT
2007,11,200711,1,1.32,SURF_CLI_CHN_MUL_DAY-WIN-11002-200711.TXT
2007,12,200712,1,1.465,SURF_CLI_CHN_MUL_DAY-WIN-11002-200712.TXT
2008,1,200801,1,1.829,SURF_CLI_CHN_MUL_DAY-WIN-11002-200801.TXT
2008,2,200802,1,1.959,SURF_CLI_CHN_MUL_DAY-WIN-11002-200802.TXT
2008,3,200803,1,1.516,SURF_CLI_CHN_MUL_DAY-WIN-11002-200803.TXT
2008,4,200804,1,1.603,SURF_CLI_CHN_MUL_DAY-WIN-11002-200804.TXT
2008,5,200805,1,1.932,SURF_CLI_CHN_MUL_DAY-WIN-11002-200805.TXT
2008,6,200806,1,1.38,SURF_CLI_CHN_MUL_DAY-WIN-11002-200806.TXT
2008,7,200807,1,1.635,SURF_CLI_CHN_MUL_DAY-WIN-11002-200807.TXT
2008,8,200808,1,1.171,SURF_CLI_CHN_MUL_DAY-WIN-11002-200808.TXT
2008,9,200809,1,1.19,SURF_CLI_CHN_MUL_DAY-WIN-11002-200809.TXT
2008,10,200810,1,1.268,SURF_CLI_CHN_MUL_DAY-WIN-11002-200810.TXT
2008,11,200811,1,1.27,SURF_CLI_CHN_MUL_DAY-WIN-11002-200811.TXT
2008,12,200812,1,1.161,SURF_CLI_CHN_MUL_DAY-WIN-11002-200812.TXT
2009,1,200901,1,1.523,SURF_CLI_CHN_MUL_DAY-WIN-11002-200901.TXT
2009,2,200902,1,1.582,SURF_CLI_CHN_MUL_DAY-WIN-11002-200902.TXT
2009,3,200903,1,1.661,SURF_CLI_CHN_MUL_DAY-WIN-11002-200903.TXT
2009,4,200904,1,1.843,SURF_CLI_CHN_MUL_DAY-WIN-11002-200904.TXT
2009,5,200905,1,1.739,SURF_CLI_CHN_MUL_DAY-WIN-11002-200905.TXT
2009,6,200906,1,2.02,SURF_CLI_CHN_MUL_DAY-WIN-11002-200906.TXT
2009,7,200907,1,1.6,SURF_CLI_CHN_MUL_DAY-WIN-11002-200907.TXT
2009,8,200908,1,1.348,SURF_CLI_CHN_MUL_DAY-WIN-11002-200908.TXT
2009,9,200909,1,1.717,SURF_CLI_CHN_MUL_DAY-WIN-11002-200909.TXT
2009,10,200910,1,1.774,SURF_CLI_CHN_MUL_DAY-WIN-11002-200910.TXT
2009,11,200911,1,1.527,SURF_CLI_CHN_MUL_DAY-WIN-11002-200911.TXT
2009,12,200912,1,1.174,SURF_CLI_CHN_MUL_DAY-WIN-11002-200912.TXT
2010,1,201001,1,1.539,SURF_CLI_CHN_MUL_DAY-WIN-11002-201001.TXT
2010,2,201002,1,1.725,SURF_CLI_CHN_MUL_DAY-WIN-11002-201002.TXT
2010,3,201003,1,1.261,SURF_CLI_CHN_MUL_DAY-WIN-11002-201003.TXT
2010,4,201004,1,1.853,SURF_CLI_CHN_MUL_DAY-WIN-11002-201004.TXT
2010,5,201005,1,1.519,SURF_CLI_CHN_MUL_DAY-WIN-11002-201005.TXT
2010,6,201006,1,1.33,SURF_CLI_CHN_MUL_DAY-WIN-11002-201006.TXT
2010,7,201007,1,1.513,SURF_CLI_CHN_MUL_DAY-WIN-11002-201007.TXT
2010,8,201008,1,1.445,SURF_CLI_CHN_MUL_DAY-WIN-11002-201008.TXT
2010,9,201009,1,0.99,SURF_CLI_CHN_MUL_DAY-WIN-11002-201009.TXT
2010,10,201010,1,1.206,SURF_CLI_CHN_MUL_DAY-WIN-11002-201010.TXT
2010,11,201011,1,1.117,SURF_CLI_CHN_MUL_DAY-WIN-11002-201011.TXT
2010,12,201012,1,1.316,SURF_CLI_CHN_MUL_DAY-WIN-11002-201012.TXT
2011,1,201101,1,1.59,SURF_CLI_CHN_MUL_DAY-WIN-11002-201101.TXT
2011,2,201102,1,1.607,SURF_CLI_CHN_MUL_DAY-WIN-11002-201102.TXT
2011,3,201103,1,1.316,SURF_CLI_CHN_MUL_DAY-WIN-11002-201103.TXT
2011,4,201104,1,1.677,SURF_CLI_CHN_MUL_DAY-WIN-11002-201104.TXT
2011,5,201105,1,1.703,SURF_CLI_CHN_MUL_DAY-WIN-11002-201105.TXT
2011,6,201106,1,1.443,SURF_CLI_CHN_MUL_DAY-WIN-11002-201106.TXT
2011,7,201107,1,1.148,SURF_CLI_CHN_MUL_DAY-WIN-11002-201107.TXT
2011,8,201108,1,1.816,SURF_CLI_CHN_MUL_DAY-WIN-11002-201108.TXT
2011,9,201109,1,1.233,SURF_CLI_CHN_MUL_DAY-WIN-11002-201109.TXT
2011,10,201110,1,1.148,SURF_CLI_CHN_MUL_DAY-WIN-11002-201110.TXT
2011,11,201111,1,1.183,SURF_CLI_CHN_MUL_DAY-WIN-11002-201111.TXT
2011,12,201112,1,1.455,SURF_CLI_CHN_MUL_DAY-WIN-11002-201112.TXT
2012,1,201201,1,1.7,SURF_CLI_CHN_MUL_DAY-WIN-11002-201201.TXT
2012,2,201202,1,2.086,SURF_CLI_CHN_MUL_DAY-WIN-11002-201202.TXT
2012,3,201203,1,1.671,SURF_CLI_CHN_MUL_DAY-WIN-11002-201203.TXT
2012,4,201204,1,1.513,SURF_CLI_CHN_MUL_DAY-WIN-11002-201204.TXT
2012,5,201205,1,1.748,SURF_CLI_CHN_MUL_DAY-WIN-11002-201205.TXT
2012,6,201206,1,1.153,SURF_CLI_CHN_MUL_DAY-WIN-11002-201206.TXT
2012,7,201207,1,1.226,SURF_CLI_CHN_MUL_DAY-WIN-11002-201207.TXT
2012,8,201208,1,1.529,SURF_CLI_CHN_MUL_DAY-WIN-11002-201208.TXT
2012,9,201209,1,1.5,SURF_CLI_CHN_MUL_DAY-WIN-11002-201209.TXT
2012,10,201210,1,1.226,SURF_CLI_CHN_MUL_DAY-WIN-11002-201210.TXT
2012,11,201211,1,1.447,SURF_CLI_CHN_MUL_DAY-WIN-11002-201211.TXT
2012,12,201212,1,1.429,SURF_CLI_CHN_MUL_DAY-WIN-11002-201212.TXT
2013,1,201301,1,1.697,SURF_CLI_CHN_MUL_DAY-WIN-11002-201301.TXT
2013,2,201302,1,1.896,SURF_CLI_CHN_MUL_DAY-WIN-11002-201302.TXT
2013,3,201303,1,1.716,SURF_CLI_CHN_MUL_DAY-WIN-11002-201303.TXT
2013,4,201304,1,1.65,SURF_CLI_CHN_MUL_DAY-WIN-11002-201304.TXT
2013,5,201305,1,1.571,SURF_CLI_CHN_MUL_DAY-WIN-11002-201305.TXT
2013,6,201306,1,1.613,SURF_CLI_CHN_MUL_DAY-WIN-11002-201306.TXT
2013,7,201307,1,1.768,SURF_CLI_CHN_MUL_DAY-WIN-11002-201307.TXT
2013,8,201308,1,1.761,SURF_CLI_CHN_MUL_DAY-WIN-11002-201308.TXT
2013,9,201309,1,1.287,SURF_CLI_CHN_MUL_DAY-WIN-11002-201309.TXT
2013,10,201310,1,1.294,SURF_CLI_CHN_MUL_DAY-WIN-11002-201310.TXT
2013,11,201311,1,1.31,SURF_CLI_CHN_MUL_DAY-WIN-11002-201311.TXT
2013,12,201312,1,1.584,SURF_CLI_CHN_MUL_DAY-WIN-11002-201312.TXT
2014,1,201401,1,1.581,SURF_CLI_CHN_MUL_DAY-WIN-11002-201401.TXT
2014,2,201402,1,1.879,SURF_CLI_CHN_MUL_DAY-WIN-11002-201402.TXT
2014,3,201403,1,2.023,SURF_CLI_CHN_MUL_DAY-WIN-11002-201403.TXT
2014,4,201404,1,1.753,SURF_CLI_CHN_MUL_DAY-WIN-11002-201404.TXT
2014,5,201405,1,1.619,SURF_CLI_CHN_MUL_DAY-WIN-11002-201405.TXT
2014,6,201406,1,1.883,SURF_CLI_CHN_MUL_DAY-WIN-11002-201406.TXT
2014,7,201407,1,1.51,SURF_CLI_CHN_MUL_DAY-WIN-11002-201407.TXT
2014,8,201408,1,1.203,SURF_CLI_CHN_MUL_DAY-WIN-11002-201408.TXT
2014,9,201409,1,1.287,SURF_CLI_CHN_MUL_DAY-WIN-11002-201409.TXT
2014,10,201410,1,1.484,SURF_CLI_CHN_MUL_DAY-WIN-11002-201410.TXT
2014,11,201411,1,1.577,SURF_CLI_CHN_MUL_DAY-WIN-11002-201411.TXT
2014,12,201412,1,1.361,SURF_CLI_CHN_MUL_DAY-WIN-11002-201412.TXT
2015,1,201501,1,1.394,SURF_CLI_CHN_MUL_DAY-WIN-11002-201501.TXT
2015,2,201502,1,1.55,SURF_CLI_CHN_MUL_DAY-WIN-11002-201502.TXT
2015,3,201503,1,1.403,SURF_CLI_CHN_MUL_DAY-WIN-11002-201503.TXT
2015,4,201504,1,1.4,SURF_CLI_CHN_MUL_DAY-WIN-11002-201504.TXT
2015,5,201505,1,1.506,SURF_CLI_CHN_MUL_DAY-WIN-11002-201505.TXT
2015,6,201506,1,1.297,SURF_CLI_CHN_MUL_DAY-WIN-11002-201506.TXT
2015,7,201507,1,1.497,SURF_CLI_CHN_MUL_DAY-WIN-11002-201507.TXT
2015,8,201508,1,1.468,SURF_CLI_CHN_MUL_DAY-WIN-11002-201508.TXT
2015,9,201509,1,1.067,SURF_CLI_CHN_MUL_DAY-WIN-11002-201509.TXT
2015,10,201510,1,1.339,SURF_CLI_CHN_MUL_DAY-WIN-11002-201510.TXT
2015,11,201511,1,1.073,SURF_CLI_CHN_MUL_DAY-WIN-11002-201511.TXT
2015,12,201512,1,1.4,SURF_CLI_CHN_MUL_DAY-WIN-11002-201512.TXT
2016,1,201601,1,1.423,SURF_CLI_CHN_MUL_DAY-WIN-11002-201601.TXT
2016,2,201602,1,1.793,SURF_CLI_CHN_MUL_DAY-WIN-11002-201602.TXT
2016,3,201603,1,1.616,SURF_CLI_CHN_MUL_DAY-WIN-11002-201603.TXT
2016,4,201604,1,1.497,SURF_CLI_CHN_MUL_DAY-WIN-11002-201604.TXT
2016,5,201605,1,1.855,SURF_CLI_CHN_MUL_DAY-WIN-11002-201605.TXT
2016,6,201606,1,1.31,SURF_CLI_CHN_MUL_DAY-WIN-11002-201606.TXT
2016,7,201607,1,1.294,SURF_CLI_CHN_MUL_DAY-WIN-11002-201607.TXT
2016,8,201608,1,1.803,SURF_CLI_CHN_MUL_DAY-WIN-11002-201608.TXT
2016,9,201609,1,1.03,SURF_CLI_CHN_MUL_DAY-WIN-11002-201609.TXT
2016,10,201610,1,1.31,SURF_CLI_CHN_MUL_DAY-WIN-11002-201610.TXT
2016,11,201611,1,1.267,SURF_CLI_CHN_MUL_DAY-WIN-11002-201611.TXT
2016,12,201612,1,1.274,SURF_CLI_CHN_MUL_DAY-WIN-11002-201612.TXT
2017,1,201701,1,1.406,SURF_CLI_CHN_MUL_DAY-WIN-11002-201701.TXT
2017,2,201702,1,1.468,SURF_CLI_CHN_MUL_DAY-WIN-11002-201702.TXT
2017,3,201703,1,1.652,SURF_CLI_CHN_MUL_DAY-WIN-11002-201703.TXT
2017,4,201704,1,1.753,SURF_CLI_CHN_MUL_DAY-WIN-11002-201704.TXT
2017,5,201705,1,1.606,SURF_CLI_CHN_MUL_DAY-WIN-11002-201705.TXT
2017,6,201706,1,1.347,SURF_CLI_CHN_MUL_DAY-WIN-11002-201706.TXT
2017,7,201707,1,1.452,SURF_CLI_CHN_MUL_DAY-WIN-11002-201707.TXT
2017,8,201708,1,1.523,SURF_CLI_CHN_MUL_DAY-WIN-11002-201708.TXT
2017,9,201709,1,1.09,SURF_CLI_CHN_MUL_DAY-WIN-11002-201709.TXT
2017,10,201710,1,1.123,SURF_CLI_CHN_MUL_DAY-WIN-11002-201710.TXT
2017,11,201711,1,1.453,SURF_CLI_CHN_MUL_DAY-WIN-11002-201711.TXT
2017,12,201712,1,1.294,SURF_CLI_CHN_MUL_DAY-WIN-11002-201712.TXT
2018,1,201801,1,1.574,SURF_CLI_CHN_MUL_DAY-WIN-11002-201801.TXT
2018,2,201802,1,1.543,SURF_CLI_CHN_MUL_DAY-WIN-11002-201802.TXT
2018,3,201803,1,1.484,SURF_CLI_CHN_MUL_DAY-WIN-11002-201803.TXT
2018,4,201804,1,1.807,SURF_CLI_CHN_MUL_DAY-WIN-11002-201804.TXT
2018,5,201805,1,1.806,SURF_CLI_CHN_MUL_DAY-WIN-11002-201805.TXT
2018,6,201806,1,1.463,SURF_CLI_CHN_MUL_DAY-WIN-11002-201806.TXT
2018,7,201807,1,1.542,SURF_CLI_CHN_MUL_DAY-WIN-11002-201807.TXT
2018,8,201808,1,1.403,SURF_CLI_CHN_MUL_DAY-WIN-11002-201808.TXT
2018,9,201809,1,1.277,SURF_CLI_CHN_MUL_DAY-WIN-11002-201809.TXT
2018,10,201810,1,1.29,SURF_CLI_CHN_MUL_DAY-WIN-11002-201810.TXT
2018,11,201811,1,1.13,SURF_CLI_CHN_MUL_DAY-WIN-11002-201811.TXT
2018,12,201812,1,1.484,SURF_CLI_CHN_MUL_DAY-WIN-11002-201812.TXT
2019,1,201901,1,1.535,SURF_CLI_CHN_MUL_DAY-WIN-11002-201901.TXT
2019,2,201902,1,1.632,SURF_CLI_CHN_MUL_DAY-WIN-11002-201902.TXT
2019,3,201903,1,1.661,SURF_CLI_CHN_MUL_DAY-WIN-11002-201903.TXT
2019,4,201904,1,1.813,SURF_CLI_CHN_MUL_DAY-WIN-11002-201904.TXT
2019,5,201905,1,1.539,SURF_CLI_CHN_MUL_DAY-WIN-11002-201905.TXT
2019,6,201906,1,1.613,SURF_CLI_CHN_MUL_DAY-WIN-11002-201906.TXT
2019,7,201907,1,1.358,SURF_CLI_CHN_MUL_DAY-WIN-11002-201907.TXT
2019,8,201908,1,1.545,SURF_CLI_CHN_MUL_DAY-WIN-11002-201908.TXT
2019,9,201909,1,1.017,SURF_CLI_CHN_MUL_DAY-WIN-11002-201909.TXT
2019,10,201910,1,1.054,SURF_CLI_CHN_MUL_DAY-WIN-11002-201910.TXT
2019,11,201911,1,1.307,SURF_CLI_CHN_MUL_DAY-WIN-11002-201911.TXT
2019,12,201912,1,1.171,SURF_CLI_CHN_MUL_DAY-WIN-11002-201912.TXT
